<?xml version="1.0" encoding="UTF-8"?>
<project-private xmlns="http://www.netbeans.org/ns/project-private/1">
    <editor-bookmarks xmlns="http://www.netbeans.org/ns/editor-bookmarks/2" lastBookmarkId="0"/>
    <open-files xmlns="http://www.netbeans.org/ns/projectui-open-files/2">
        <group>
            <file>file:/C:/Users/user/Downloads/colleage_examination_system/src/Frames/Panels/Exam_panal.java</file>
            <file>file:/C:/Users/user/Downloads/colleage_examination_system/src/Frames/Admin_CoursesFrame.java</file>
            <file>file:/C:/Users/user/Downloads/colleage_examination_system/src/Frames/Admin_StudentsFrame.java</file>
            <file>file:/C:/Users/user/Downloads/colleage_examination_system/src/FCIHCaseStudy/Main.java</file>
            <file>file:/C:/Users/user/Downloads/colleage_examination_system/src/Frames/Panels/Student_ListPanel.java</file>
            <file>file:/C:/Users/user/Downloads/colleage_examination_system/src/Frames/Panels/Student_AddPanel.java</file>
            <file>file:/C:/Users/user/Downloads/colleage_examination_system/src/FCIH_GUI/AdminDashboard.java</file>
            <file>file:/C:/Users/user/Downloads/colleage_examination_system/src/FCIHCaseStudy/Student.java</file>
            <file>file:/C:/Users/user/Downloads/colleage_examination_system/src/FCIH_GUI/ProfesorDashboard.java</file>
            <file>file:/C:/Users/user/Downloads/colleage_examination_system/src/FCIHCaseStudy/MyException.java</file>
            <file>file:/C:/Users/user/Downloads/colleage_examination_system/src/FCIHCaseStudy/Person.java</file>
            <file>file:/C:/Users/user/Downloads/colleage_examination_system/src/Frames/Panels/ChartPanel.java</file>
            <file>file:/C:/Users/user/Downloads/colleage_examination_system/src/FCIHCaseStudy/Exam.java</file>
            <file>file:/C:/Users/user/Downloads/colleage_examination_system/src/Frames/Student_CoursesFrame.java</file>
            <file>file:/C:/Users/user/Downloads/colleage_examination_system/src/FCIH_GUI/LoginFrame.java</file>
            <file>file:/C:/Users/user/Downloads/colleage_examination_system/src/Frames/Panels/Prof_ListPanel.java</file>
            <file>file:/C:/Users/user/Downloads/colleage_examination_system/src/Frames/Panels/Course_UpdatePanel.java</file>
            <file>file:/C:/Users/user/Downloads/colleage_examination_system/src/FCIH_GUI/StudentDashboard.java</file>
            <file>file:/C:/Users/user/Downloads/colleage_examination_system/src/Frames/Panels/Student_UpdatePanel.java</file>
            <file>file:/C:/Users/user/Downloads/colleage_examination_system/src/Frames/Panels/Prof_UpdatePanel.java</file>
            <file>file:/C:/Users/user/Downloads/colleage_examination_system/src/FCIHCaseStudy/Ilogin.java</file>
            <file>file:/C:/Users/user/Downloads/colleage_examination_system/src/FCIHCaseStudy/Staff.java</file>
            <file>file:/C:/Users/user/Downloads/colleage_examination_system/src/FCIH_GUI/Exam.java</file>
            <file>file:/C:/Users/user/Downloads/colleage_examination_system/src/FCIHCaseStudy/Admin.java</file>
            <file>file:/C:/Users/user/Downloads/colleage_examination_system/src/FCIHCaseStudy/FileManger.java</file>
            <file>file:/C:/Users/user/Downloads/colleage_examination_system/src/Frames/Admin_ProfessorsFrame.java</file>
            <file>file:/C:/Users/user/Downloads/colleage_examination_system/src/FCIHCaseStudy/FileMangerBinary.java</file>
            <file>file:/C:/Users/user/Downloads/colleage_examination_system/src/FCIHCaseStudy/Department.java</file>
            <file>file:/C:/Users/user/Downloads/colleage_examination_system/src/FCIHCaseStudy/Professor.java</file>
            <file>file:/C:/Users/user/Downloads/colleage_examination_system/src/Frames/Panels/Course_ListPanel.java</file>
            <file>file:/C:/Users/user/Downloads/colleage_examination_system/src/Frames/Panels/Prof_AddPanel.java</file>
            <file>file:/C:/Users/user/Downloads/colleage_examination_system/src/Frames/Panels/Course_AddPanel.java</file>
        </group>
    </open-files>
</project-private>
